NumerKartyCzlonkowskiej,Imie,Nazwisko,Email
MCIDML3774,Ida,Młotek,ida.mlotek@onet.pl
MCPAMA6292,Paweł,Maziarczyk,pawel.maziarczyk@o2.pl
MCHUCI2981,Hubert,Citko,hubert.citko@onet.pl
MCRAJA9393,Rafał,Jargiło,rafal.jargilo@amazon.com
MCJUDU4380,Juliusz,Dułak,juliusz.dulak@yahoo.com
MCERKO7232,Eryk,Korta,eryk.korta@yahoo.com
MCMASI6458,Maciej,Sidorczuk,maciej.sidorczuk@wp.pl
MCKRPO2375,Krystyna,Poniedziałek,krystyna.poniedzialek@test.com
MCELSW9124,Elżbieta,Swiątek,elzbieta.swiatek@outlook.com
MCOLNI1931,Oliwier,Nikołajuk,oliwier.nikolajuk@outlook.com
MCLIBL4942,Liwia,Block,liwia.block@yahoo.com
MCDAEN7847,Dagmara,Engler,dagmara.engler@wp.pl
MCKAST1270,Kaja,Steuer,kaja.steuer@yahoo.com
MCALBR4876,Alex,Brachman,alex.brachman@outlook.com
MCSYHO2501,Sylwia,Hołysz,sylwia.holysz@onet.pl
MCSYMI4112,Sylwia,Michnik,sylwia.michnik@wp.pl
MCALZI6885,Aleks,Ziajka,aleks.ziajka@wp.pl
MCMAPA9881,Marianna,Padło,marianna.padlo@gmail.com
MCKOBE2294,Konrad,Beck,konrad.beck@o2.pl
MCMEFI3933,Melania,Fita,melania.fita@yahoo.com
MCIGWA1596,Igor,Walencik,igor.walencik@wp.pl
MCALOS6246,Aleks,Osica,aleks.osica@o2.pl
MCKAAC3140,Kalina,Achtelik,kalina.achtelik@outlook.com
MCIWPI2612,Iwo,Piechura,iwo.piechura@o2.pl
MCMAKU8039,Marek,Kurda,marek.kurda@onet.pl
MCELTR9644,Elżbieta,Troka,elzbieta.troka@wp.pl
MCNAWA7996,Natan,Wajer,natan.wajer@amazon.com
MCMIKU1231,Mikołaj,Kuba,mikolaj.kuba@yahoo.com
MCMAMI6342,Marianna,Miękus,marianna.miekus@allegro.pl
MCMAKO6326,Marek,Korniak,marek.korniak@allegro.pl
MCKAKO1929,Kamila,Korkosz,kamila.korkosz@myspace.online
MCDOCH1211,Dorota,Choina,dorota.choina@example.com
MCBOSZ5711,Borys,Szczepaniuk,borys.szczepaniuk@alibaba.org
MCOLJA8433,Oliwier,Jargieło,oliwier.jargielo@example.com
MCLIGR4182,Liwia,Gryska,liwia.gryska@example.com
MCJARA7205,Jan,Rajman,jan.rajman@xcvz.pl
MCJADE2444,Janina,Deryło,janina.derylo@xcvz.pl
MCKOZB2668,Kornel,Zbroszczyk,kornel.zbroszczyk@allegro.pl
MCBOOL3673,Borys,Olkowicz,borys.olkowicz@myspace.online
MCMAGE6270,Malwina,Gęgotek,malwina.gegotek@xcvz.pl
MCDOWE8110,Dorota,Weremczuk,dorota.weremczuk@wp.pl
MCOLOL9608,Olaf,Olewniczak,olaf.olewniczak@wp.pl
MCANHA1179,Anna Maria,Habdas,anna maria.habdas@o2.pl
MCARPA4403,Artur,Pawliczak,artur.pawliczak@amazon.com
MCKOCZ5821,Konrad,Czosnyka,konrad.czosnyka@o2.pl
