NumerKartyCzlonkowskiej,ZajeciaID,DataZapisu,StatusZapisu,Obecny
MCBAOS8378,24,2024-10-01,Aktywny,1
MCGRMA7751,12,2025-09-14,Aktywny,1
MCBAOS8378,28,2024-10-14,Aktywny,1
MCNEFO7895,14,2024-10-22,Aktywny,1
MCNEFO7895,29,2022-09-24,Aktywny,1
MCEMGR8096,28,2024-09-27,Aktywny,1
MCIDBA3843,9,2024-01-22,Aktywny,1
MCRYPI3379,29,2022-09-01,Aktywny,1
MCIDBA3843,18,2023-11-18,Aktywny,1
MCANDA1409,26,2025-04-03,Aktywny,1
MCIDBA3843,28,2024-10-12,Aktywny,1
MCARGO2827,7,2023-04-21,Aktywny,1
MCMALA5804,25,2025-08-04,Aktywny,1
MCJELA6854,29,2022-09-21,Aktywny,1
MCJELA6854,5,2024-02-20,Aktywny,0
MCWIWI7771,28,2024-10-17,Aktywny,1
MCARKA3268,18,2023-11-16,Aktywny,1
MCANDA1409,1,2025-03-13,Aktywny,1
MCPIHE7442,16,2022-10-08,Aktywny,1
MCGRMA7751,30,2023-03-04,Aktywny,1
MCGUWO5365,22,2024-06-13,Anulowany,0
MCALDU8256,14,2024-11-08,Aktywny,1
MCANDA1409,15,2022-02-21,Aktywny,1
MCGAKY5838,16,2022-10-21,Aktywny,1
MCKAJA4327,4,2025-04-02,Aktywny,1
MCERST2004,24,2024-10-08,Aktywny,1
MCELLI7149,7,2023-04-23,Aktywny,1
MCWIWI7771,5,2024-01-25,Aktywny,1
MCMAKI1955,30,2023-02-08,Aktywny,1
MCARGO2827,4,2025-03-29,Aktywny,1
MCANDA1409,25,2025-07-25,Aktywny,1
MCARKA3268,29,2022-09-02,Aktywny,0
MCERST2004,25,2025-08-03,Aktywny,1
MCIDBA3843,24,2024-10-17,Aktywny,0
MCMAGA1396,11,2025-09-25,Aktywny,1
MCPIHE7442,6,2022-01-01,Aktywny,1
MCALDU8256,11,2025-10-07,Aktywny,1
MCGAKY5838,30,2023-02-20,Aktywny,1
MCMIFE5496,7,2023-04-11,Aktywny,1
MCIDBA3843,10,2022-04-24,Aktywny,1
MCINDA9777,20,2024-11-18,Aktywny,1
MCALDU8256,5,2024-02-13,Aktywny,1
MCELLI7149,20,2024-10-27,Aktywny,1
MCANDA1409,11,2025-10-12,Aktywny,1
MCELLI7149,5,2024-02-23,Aktywny,1
MCGAKY5838,1,2025-03-07,Aktywny,1
MCGRMA7751,10,2022-05-02,Aktywny,1
MCWIFR7199,4,2025-04-20,Aktywny,1
MCGUWO5365,3,2024-08-28,Aktywny,1
MCINDA9777,7,2023-05-06,Aktywny,1
MCARKA3268,27,2024-02-29,Aktywny,1
MCCYKA4128,14,2024-11-10,Anulowany,0
MCJELA6854,22,2024-05-23,Aktywny,1
MCEMGR8096,7,2023-04-30,Aktywny,1
MCMALA5804,22,2024-06-12,Aktywny,1
MCINDA9777,29,2022-09-15,Aktywny,1
MCGUWO5365,6,2022-01-01,Aktywny,1
MCJELA6854,27,2024-02-08,Aktywny,1
MCJELA6854,28,2024-10-17,Aktywny,1
MCMALA5804,17,2024-01-31,Anulowany,0
MCKOSU5349,12,2025-09-19,Aktywny,1
MCWIFR7199,19,2024-04-16,Aktywny,1
MCARKA3268,6,2022-01-01,Aktywny,1
MCKOSU5349,6,2022-01-01,Aktywny,1
MCCYKA4128,24,2024-10-12,Aktywny,1
MCWIFR7199,7,2023-05-04,Aktywny,1
MCMAGA1396,2,2024-05-05,Aktywny,1
MCJELA6854,7,2023-04-28,Aktywny,1
MCELLI7149,17,2024-01-06,Aktywny,1
MCKAJA4327,10,2022-05-04,Aktywny,1
MCARKA3268,19,2024-03-31,Aktywny,1
MCERST2004,23,2022-09-13,Aktywny,1
MCMAGA1396,17,2024-01-20,Aktywny,1
MCMASE7757,18,2023-11-06,Aktywny,1
MCIDBA3843,1,2025-03-20,Aktywny,1
MCMAKI1955,23,2022-09-24,Aktywny,1
MCPIWI4136,26,2025-04-07,Aktywny,1
MCANDA1409,30,2023-03-04,Aktywny,1
MCMIFE5496,19,2024-04-16,Aktywny,1
MCGUWO5365,24,2024-09-24,Aktywny,1
MCMAKI1955,17,2024-01-20,Aktywny,0
MCINDA9777,19,2024-04-06,Aktywny,1
MCBAOS8378,1,2025-03-01,Aktywny,1
MCMAKI1955,28,2024-10-05,Aktywny,1
MCBAOS8378,15,2022-03-07,Aktywny,1
MCJOPO9842,13,2024-01-09,Aktywny,1
MCANDA1409,5,2024-01-26,Aktywny,1
MCARGO2827,15,2022-03-16,Aktywny,1
MCMAGA1396,30,2023-02-11,Aktywny,1
MCBIBU9931,1,2025-03-04,Aktywny,1
MCBAOS8378,26,2025-04-08,Aktywny,1
MCMALA5804,15,2022-03-12,Aktywny,1
MCMALA5804,19,2024-04-07,Aktywny,1
MCKAJA4327,5,2024-02-15,Aktywny,1
MCELLI7149,18,2023-11-04,Aktywny,1
MCBIBU9931,7,2023-04-24,Aktywny,0
MCJOPO9842,8,2024-11-21,Aktywny,1
MCMIFE5496,18,2023-11-18,Aktywny,1
MCNEFO7895,21,2022-11-13,Aktywny,1
MCMIFE5496,14,2024-10-21,Aktywny,1
MCPIHE7442,22,2024-06-11,Aktywny,1
MCBAOS8378,23,2022-10-07,Aktywny,1
MCKOSU5349,8,2024-12-12,Aktywny,1
MCNEFO7895,17,2024-01-25,Aktywny,1
MCGRMA7751,14,2024-11-14,Aktywny,1
MCARKA3268,14,2024-10-23,Anulowany,0
MCKOSU5349,28,2024-09-25,Aktywny,1
MCJELA6854,9,2024-01-20,Aktywny,1
MCARGO2827,1,2025-03-26,Aktywny,1
MCGAKY5838,25,2025-08-05,Aktywny,1
MCANDA1409,22,2024-05-26,Aktywny,1
MCNEFO7895,5,2024-02-13,Aktywny,1
MCNEFO7895,2,2024-04-20,Aktywny,0
MCARGO2827,10,2022-05-06,Aktywny,1
MCJELA6854,23,2022-09-21,Aktywny,1
MCWIWI7771,3,2024-08-29,Aktywny,1
MCGAKY5838,23,2022-09-19,Aktywny,1
MCGRMA7751,8,2024-12-02,Aktywny,1
MCNEFO7895,7,2023-04-26,Aktywny,1
MCALDU8256,29,2022-09-28,Aktywny,1
MCERST2004,29,2022-09-18,Aktywny,1
MCELLI7149,6,2022-01-01,Aktywny,1
MCALDU8256,3,2024-08-19,Aktywny,1
MCMASE7757,25,2025-08-04,Aktywny,1
MCGRMA7751,29,2022-09-19,Aktywny,1
MCIDBA3843,5,2024-02-06,Aktywny,1
MCJELA6854,6,2022-01-01,Aktywny,1
MCWIWI7771,2,2024-05-17,Aktywny,1
MCELLI7149,1,2025-03-25,Anulowany,0
MCEMGR8096,3,2024-08-12,Aktywny,1
MCMASE7757,19,2024-04-13,Aktywny,1
MCKAJA4327,18,2023-11-23,Aktywny,1
MCCYKA4128,21,2022-11-19,Aktywny,0
MCGUWO5365,25,2025-08-15,Aktywny,1
MCCYKA4128,1,2025-03-02,Aktywny,1
MCNEFO7895,13,2024-01-19,Aktywny,1
MCEMGR8096,13,2024-01-05,Aktywny,1
MCMAGA1396,16,2022-09-30,Aktywny,1
MCPIHE7442,20,2024-11-12,Aktywny,1
MCJOPO9842,7,2023-04-18,Aktywny,1
MCJOPO9842,29,2022-09-26,Aktywny,1
MCGUWO5365,9,2024-01-30,Aktywny,1
MCRYPI3379,23,2022-09-28,Aktywny,1
MCJELA6854,4,2025-04-22,Aktywny,1
MCMIFE5496,4,2025-04-09,Aktywny,1
MCELLI7149,22,2024-05-21,Aktywny,1
MCMIFE5496,13,2024-01-06,Aktywny,0
MCMASE7757,27,2024-02-10,Aktywny,1
MCIDBA3843,26,2025-04-10,Aktywny,0
MCPIHE7442,13,2024-01-19,Aktywny,1
MCWIFR7199,28,2024-10-08,Aktywny,1
MCPIHE7442,2,2024-04-28,Aktywny,0
MCCYKA4128,3,2024-08-25,Aktywny,1
MCMAGA1396,29,2022-09-16,Aktywny,1
MCIDBA3843,22,2024-06-03,Aktywny,1
MCMIFE5496,9,2024-01-20,Aktywny,1
MCMAGA1396,13,2023-12-27,Aktywny,1
MCINDA9777,16,2022-10-13,Aktywny,1
MCKAJA4327,29,2022-09-08,Aktywny,1
MCBAOS8378,18,2023-11-23,Aktywny,1
MCMAKI1955,11,2025-10-02,Aktywny,1
MCKOSU5349,24,2024-09-26,Aktywny,1
MCJOPO9842,17,2024-01-12,Aktywny,1
MCALDU8256,1,2025-03-03,Aktywny,1
MCPIWI4136,18,2023-11-12,Aktywny,1
MCELLI7149,23,2022-10-07,Aktywny,1
MCERST2004,18,2023-11-08,Aktywny,1
MCKOSU5349,16,2022-10-27,Aktywny,1
MCALDU8256,22,2024-05-16,Aktywny,1
MCKAJA4327,13,2024-01-12,Aktywny,1
MCKAJA4327,30,2023-02-15,Aktywny,1
MCCYKA4128,22,2024-05-22,Aktywny,1
MCKOSU5349,23,2022-10-11,Aktywny,1
MCINDA9777,3,2024-08-07,Aktywny,1
MCPIHE7442,18,2023-11-08,Aktywny,1
MCGUWO5365,15,2022-02-22,Anulowany,0
MCCYKA4128,5,2024-02-17,Aktywny,1
MCMASE7757,16,2022-10-04,Aktywny,1
MCPIWI4136,27,2024-02-20,Aktywny,1
MCRYPI3379,28,2024-09-29,Aktywny,1
MCJOPO9842,27,2024-02-24,Aktywny,1
MCPIWI4136,23,2022-09-12,Aktywny,1
MCINDA9777,21,2022-11-20,Aktywny,0
MCPIHE7442,30,2023-02-12,Aktywny,1
MCIDBA3843,15,2022-03-20,Aktywny,1
MCINDA9777,6,2022-01-01,Aktywny,1
MCPIWI4136,16,2022-10-02,Aktywny,0
MCPIWI4136,28,2024-10-15,Aktywny,1
MCARKA3268,21,2022-11-27,Aktywny,1
MCKAJA4327,27,2024-02-13,Aktywny,1
MCWIWI7771,4,2025-04-21,Aktywny,1
MCEMGR8096,29,2022-09-11,Aktywny,1
MCJELA6854,1,2025-03-20,Aktywny,1
MCERST2004,16,2022-10-22,Aktywny,1
MCNEFO7895,26,2025-03-30,Aktywny,1
MCWIWI7771,16,2022-10-16,Aktywny,1
MCPIWI4136,22,2024-05-27,Aktywny,1
MCEMGR8096,25,2025-07-24,Aktywny,0
MCWIWI7771,10,2022-04-21,Aktywny,1
MCELLI7149,15,2022-03-12,Aktywny,1
MCEMGR8096,10,2022-05-02,Aktywny,1
MCBAOS8378,27,2024-02-19,Aktywny,1
MCIDBA3843,3,2024-08-18,Aktywny,1
MCBAOS8378,20,2024-11-24,Aktywny,1
MCWIFR7199,14,2024-11-12,Aktywny,1
MCMASE7757,6,2022-01-01,Aktywny,1
MCWIFR7199,30,2023-02-22,Aktywny,1
MCMIFE5496,30,2023-02-14,Aktywny,1
MCARGO2827,11,2025-10-13,Aktywny,1
MCCYKA4128,15,2022-03-09,Aktywny,1
MCEMGR8096,17,2024-01-07,Aktywny,1
MCANDA1409,12,2025-09-18,Aktywny,1
MCMAKI1955,20,2024-11-19,Aktywny,1
MCRYPI3379,11,2025-10-18,Aktywny,0
MCGRMA7751,9,2024-01-06,Aktywny,1
MCPIHE7442,29,2022-09-09,Aktywny,1
MCWIFR7199,26,2025-04-07,Aktywny,1
MCWIFR7199,1,2025-02-26,Aktywny,1
MCALDU8256,19,2024-04-12,Aktywny,1
MCKOSU5349,17,2024-01-08,Aktywny,1
MCINDA9777,1,2025-03-19,Aktywny,1
MCEMGR8096,2,2024-04-27,Aktywny,1
MCMIFE5496,22,2024-05-30,Aktywny,1
MCELLI7149,25,2025-08-03,Aktywny,1
MCGAKY5838,4,2025-04-25,Aktywny,1
MCGUWO5365,19,2024-03-28,Aktywny,1
MCNEFO7895,27,2024-03-01,Aktywny,1
MCKAJA4327,7,2023-04-10,Aktywny,1
MCWIFR7199,9,2024-01-19,Aktywny,0
MCARGO2827,2,2024-05-09,Aktywny,1
MCARKA3268,4,2025-04-25,Aktywny,1
MCRYPI3379,27,2024-02-28,Aktywny,1
MCWIWI7771,1,2025-03-19,Aktywny,1
MCRYPI3379,13,2024-01-05,Aktywny,1
MCEMGR8096,21,2022-11-28,Aktywny,1
MCMIFE5496,23,2022-10-10,Aktywny,1
MCWIWI7771,14,2024-11-11,Aktywny,1
MCALDU8256,21,2022-11-14,Aktywny,1
MCGRMA7751,13,2024-01-15,Aktywny,1
MCCYKA4128,26,2025-04-01,Aktywny,1
MCWIFR7199,15,2022-03-05,Aktywny,1
MCGAKY5838,28,2024-10-04,Aktywny,1
MCGAKY5838,2,2024-04-29,Aktywny,1
MCNEFO7895,1,2025-03-20,Aktywny,1
MCALDU8256,17,2024-01-15,Aktywny,1
MCALDU8256,20,2024-11-13,Aktywny,1
MCARKA3268,30,2023-02-15,Aktywny,1
MCMALA5804,27,2024-02-10,Aktywny,1
MCPIWI4136,24,2024-10-10,Aktywny,1
MCRYPI3379,19,2024-04-05,Aktywny,1
MCBIBU9931,18,2023-11-09,Aktywny,1
MCNEFO7895,16,2022-10-23,Aktywny,1
MCALDU8256,9,2024-01-18,Aktywny,1
MCGAKY5838,20,2024-11-10,Aktywny,1
MCMALA5804,13,2024-01-08,Aktywny,1
MCERST2004,12,2025-09-16,Aktywny,1
MCIDBA3843,12,2025-09-19,Aktywny,1
MCCYKA4128,28,2024-09-24,Aktywny,1
MCWIFR7199,6,2022-01-01,Aktywny,1
MCRYPI3379,20,2024-11-03,Aktywny,1
MCKAJA4327,26,2025-04-02,Aktywny,1
MCINDA9777,10,2022-04-13,Aktywny,0
MCWIFR7199,12,2025-08-26,Aktywny,1
MCERST2004,27,2024-03-02,Aktywny,1
MCJELA6854,17,2024-01-08,Aktywny,1
MCMIFE5496,25,2025-08-08,Aktywny,1
MCGAKY5838,14,2024-11-15,Anulowany,0
MCMALA5804,18,2023-11-15,Aktywny,1
MCJELA6854,11,2025-09-29,Aktywny,1
MCKAJA4327,8,2024-11-27,Aktywny,1
MCMAGA1396,10,2022-04-26,Aktywny,1
MCKAJA4327,17,2024-01-08,Aktywny,1
MCMIFE5496,2,2024-04-25,Aktywny,1
MCANDA1409,19,2024-03-29,Aktywny,1
MCBAOS8378,22,2024-06-04,Aktywny,1
MCNEFO7895,30,2023-03-03,Aktywny,1
MCBIBU9931,21,2022-12-04,Aktywny,1
MCWIFR7199,16,2022-10-03,Aktywny,1
MCGUWO5365,4,2025-04-02,Aktywny,1
MCERST2004,21,2022-12-05,Aktywny,1
MCALDU8256,26,2025-04-04,Aktywny,1
MCGAKY5838,7,2023-04-23,Aktywny,1
MCRYPI3379,9,2024-01-04,Aktywny,1
MCRYPI3379,15,2022-03-15,Aktywny,1
MCCYKA4128,19,2024-03-23,Aktywny,1
MCKOSU5349,9,2024-01-15,Aktywny,1
MCPIWI4136,30,2023-02-24,Aktywny,1
MCERST2004,1,2025-03-18,Aktywny,1
MCKAJA4327,14,2024-11-05,Aktywny,0
MCWIWI7771,12,2025-09-14,Aktywny,1
MCMASE7757,24,2024-10-01,Aktywny,0
MCMALA5804,30,2023-03-02,Aktywny,1
MCARKA3268,8,2024-11-26,Aktywny,1
MCNEFO7895,3,2024-09-01,Aktywny,1
MCPIWI4136,6,2022-01-01,Aktywny,1
MCPIWI4136,17,2024-01-24,Aktywny,1
MCWIWI7771,29,2022-09-11,Aktywny,1
MCELLI7149,19,2024-03-23,Aktywny,1
MCMIFE5496,11,2025-10-08,Aktywny,1
MCKOSU5349,15,2022-03-03,Aktywny,1
MCJELA6854,15,2022-03-10,Aktywny,1
MCRYPI3379,10,2022-04-17,Aktywny,1
MCINDA9777,28,2024-10-10,Aktywny,1
MCBAOS8378,2,2024-04-24,Aktywny,1
MCMAGA1396,14,2024-11-04,Aktywny,1
MCARGO2827,21,2022-12-01,Aktywny,1
MCANDA1409,23,2022-09-19,Aktywny,1
MCBIBU9931,17,2024-01-09,Aktywny,1
MCELLI7149,28,2024-09-23,Aktywny,1
MCBAOS8378,8,2024-11-20,Aktywny,1
MCMIFE5496,12,2025-08-27,Aktywny,1
MCWIFR7199,24,2024-10-15,Aktywny,1
MCWIFR7199,29,2022-09-19,Aktywny,1
MCARKA3268,2,2024-04-26,Aktywny,1
MCBIBU9931,3,2024-08-13,Aktywny,1
MCANDA1409,16,2022-10-14,Aktywny,1
MCCYKA4128,17,2024-02-01,Aktywny,1
MCELLI7149,16,2022-10-13,Aktywny,0
MCBAOS8378,21,2022-11-27,Aktywny,1
MCIDBA3843,4,2025-04-09,Aktywny,1
MCINDA9777,12,2025-08-31,Aktywny,1
MCRYPI3379,3,2024-08-10,Aktywny,1
MCKOSU5349,4,2025-04-04,Aktywny,1
MCMAGA1396,25,2025-08-19,Aktywny,1
MCPIWI4136,15,2022-02-25,Aktywny,1
MCGUWO5365,17,2024-01-09,Aktywny,1
MCEMGR8096,20,2024-10-30,Aktywny,1
MCMALA5804,10,2022-04-17,Aktywny,1
MCJOPO9842,26,2025-03-25,Aktywny,1
MCELLI7149,4,2025-04-15,Aktywny,1
MCJOPO9842,12,2025-09-14,Aktywny,1
MCBIBU9931,25,2025-08-06,Aktywny,1
MCARGO2827,29,2022-08-30,Aktywny,1
MCERST2004,8,2024-12-12,Aktywny,1
MCKOSU5349,10,2022-05-03,Aktywny,1
MCARGO2827,9,2024-01-09,Aktywny,1
MCNEFO7895,10,2022-04-12,Aktywny,1
MCGUWO5365,27,2024-02-22,Aktywny,1
MCJELA6854,13,2024-01-20,Aktywny,1
MCBIBU9931,26,2025-03-17,Aktywny,0
MCMAKI1955,9,2024-01-11,Aktywny,0
MCWIFR7199,3,2024-08-10,Aktywny,0
MCINDA9777,27,2024-02-14,Aktywny,1
MCMAGA1396,22,2024-05-23,Aktywny,1
MCWIWI7771,20,2024-10-31,Aktywny,1
MCGAKY5838,22,2024-05-19,Aktywny,1
MCBIBU9931,8,2024-12-01,Aktywny,1
MCINDA9777,26,2025-04-06,Aktywny,1
MCELLI7149,30,2023-03-04,Aktywny,1
MCBIBU9931,23,2022-09-15,Aktywny,1
MCCYKA4128,13,2024-01-14,Aktywny,1
MCMIFE5496,8,2024-12-04,Aktywny,1
MCMASE7757,2,2024-05-11,Aktywny,1
MCGUWO5365,16,2022-10-27,Aktywny,1
MCELLI7149,11,2025-10-17,Aktywny,1
MCGRMA7751,11,2025-10-08,Aktywny,1
MCJOPO9842,4,2025-04-24,Aktywny,1
MCMAGA1396,8,2024-12-07,Aktywny,1
MCANDA1409,27,2024-02-08,Aktywny,1
MCMAKI1955,21,2022-12-05,Aktywny,1
MCALDU8256,7,2023-04-11,Aktywny,1
MCWIWI7771,6,2022-01-01,Aktywny,1
MCGRMA7751,22,2024-06-06,Aktywny,1
MCRYPI3379,17,2024-01-09,Aktywny,1
MCJOPO9842,11,2025-10-20,Aktywny,0
MCRYPI3379,7,2023-04-10,Aktywny,1
MCMALA5804,8,2024-12-09,Aktywny,1
MCMAKI1955,27,2024-02-09,Aktywny,1
MCMAKI1955,5,2024-01-26,Aktywny,1
MCIDBA3843,8,2024-11-27,Aktywny,1
MCMAGA1396,27,2024-03-01,Aktywny,1
MCMASE7757,29,2022-09-07,Aktywny,1
MCANDA1409,17,2024-01-31,Aktywny,1
MCMASE7757,4,2025-04-26,Aktywny,1
MCBAOS8378,3,2024-08-13,Aktywny,1
MCCYKA4128,11,2025-10-07,Aktywny,1
MCMALA5804,29,2022-09-27,Aktywny,1
MCWIWI7771,11,2025-10-24,Aktywny,1
MCPIWI4136,7,2023-05-06,Aktywny,1
MCELLI7149,26,2025-04-06,Aktywny,1
MCWIWI7771,19,2024-03-30,Aktywny,1
MCBIBU9931,19,2024-03-28,Aktywny,1
MCMASE7757,1,2025-03-15,Aktywny,1
MCKAJA4327,1,2025-03-11,Aktywny,1
MCMIFE5496,10,2022-05-04,Aktywny,1
MCJELA6854,8,2024-12-05,Aktywny,1
MCALDU8256,28,2024-10-05,Aktywny,1
MCERST2004,19,2024-03-29,Aktywny,1
MCBIBU9931,16,2022-10-02,Aktywny,1
MCPIHE7442,4,2025-04-05,Aktywny,1
MCWIWI7771,18,2023-11-10,Aktywny,1
MCMAGA1396,23,2022-09-17,Aktywny,1
MCMAGA1396,12,2025-08-25,Aktywny,1
MCBIBU9931,10,2022-04-26,Aktywny,1
MCJELA6854,21,2022-11-20,Aktywny,1
MCWIFR7199,18,2023-11-12,Aktywny,1
MCJOPO9842,6,2022-01-01,Aktywny,1
MCIDBA3843,7,2023-05-04,Aktywny,0
MCPIHE7442,21,2022-11-12,Aktywny,1
MCIDBA3843,16,2022-10-19,Aktywny,1
MCARGO2827,41,2025-06-08,Aktywny,1
MCERST2004,37,2023-10-20,Aktywny,1
MCELCH6635,53,2022-04-08,Aktywny,1
MCMIKO1005,32,2025-08-20,Aktywny,1
MCIWKO7155,56,2023-11-23,Aktywny,1
MCINDA9777,56,2023-11-20,Aktywny,1
MCMAGU6198,53,2022-04-16,Aktywny,0
MCNAHA2984,41,2025-05-25,Aktywny,1
MCWIFR7199,52,2022-01-22,Aktywny,1
MCTACH7340,57,2024-02-26,Aktywny,1
MCPIWI4136,53,2022-04-07,Aktywny,1
MCJAMA6277,32,2025-08-10,Aktywny,1
MCNEFO7895,36,2022-09-30,Aktywny,1
MCMALA5804,45,2023-09-12,Aktywny,1
MCARGO2827,60,2024-04-03,Aktywny,1
MCANDA1409,54,2024-03-23,Aktywny,1
MCEWDZ4503,31,2024-06-11,Aktywny,0
MCERST2004,53,2022-04-12,Aktywny,1
MCIWKO7155,32,2025-09-01,Aktywny,1
MCRYPI3379,56,2023-11-29,Aktywny,1
MCINBA9251,36,2022-10-02,Aktywny,1
MCWIFR7199,35,2024-07-08,Aktywny,1
MCMAGI3926,35,2024-07-12,Aktywny,1
MCANFR8207,40,2025-02-09,Aktywny,1
MCEMGR8096,60,2024-03-28,Aktywny,1
MCNEFO7895,31,2024-06-02,Aktywny,1
MCRYPI3379,52,2022-02-08,Aktywny,1
MCEWDZ4503,43,2023-05-10,Aktywny,1
MCELCH6635,49,2022-07-12,Aktywny,1
MCARKA3268,59,2024-06-29,Aktywny,1
MCPIWI4136,55,2022-06-23,Aktywny,1
MCRYPI3379,48,2022-12-31,Aktywny,1
MCMAGI3926,44,2024-02-20,Aktywny,1
MCKAKR7203,47,2022-10-26,Aktywny,1
MCARGO2827,54,2024-03-30,Aktywny,1
MCANWE2917,58,2022-02-23,Aktywny,1
MCBIBU9931,42,2024-05-13,Aktywny,1
MCJOPO9842,48,2022-12-22,Aktywny,1
MCELLI7149,37,2023-10-17,Aktywny,1
MCOLMA9882,38,2022-06-03,Aktywny,1
MCADRD2461,49,2022-07-08,Aktywny,1
MCKOKO3012,56,2023-11-12,Aktywny,1
MCARKA3268,35,2024-07-23,Aktywny,1
MCMAKI1955,55,2022-06-02,Aktywny,1
MCELCH6635,33,2023-08-21,Aktywny,1
MCEWGA8602,57,2024-03-04,Aktywny,1
MCEWDZ4503,33,2023-08-29,Aktywny,0
MCANHY8654,55,2022-06-02,Aktywny,1
MCMAGI3926,32,2025-09-01,Aktywny,1
MCMAGU6198,49,2022-07-28,Aktywny,1
MCMIKR1468,40,2025-02-22,Aktywny,0
MCERST2004,50,2022-05-06,Aktywny,1
MCBIBU9931,47,2022-10-28,Aktywny,1
MCNEFO7895,37,2023-10-14,Aktywny,1
MCELLI7149,34,2024-03-30,Aktywny,1
MCARKA3268,58,2022-02-22,Aktywny,1
MCIDBA3843,50,2022-05-02,Aktywny,1
MCANDA1409,58,2022-02-17,Aktywny,1
MCMIKR1468,60,2024-03-21,Aktywny,1
MCADRD2461,34,2024-03-30,Aktywny,1
MCINBA9251,42,2024-05-29,Aktywny,1
MCPIWI4136,59,2024-06-28,Aktywny,1
MCMASE7757,43,2023-04-18,Aktywny,1
MCGUWO5365,57,2024-03-10,Aktywny,1
MCPIWI4136,56,2023-11-24,Aktywny,0
MCKOKO3012,53,2022-04-10,Aktywny,1
MCWIWI7771,56,2023-11-18,Aktywny,1
MCIWKO7155,51,2023-04-27,Aktywny,1
MCADRD2461,48,2023-01-10,Aktywny,1
MCANFR8207,45,2023-08-18,Aktywny,1
MCJOPO9842,54,2024-04-04,Aktywny,1
MCBAOS8378,60,2024-03-28,Aktywny,1
MCBILE1591,34,2024-04-13,Aktywny,0
MCMALA5804,50,2022-05-14,Aktywny,1
MCANFR8207,57,2024-03-11,Aktywny,1
MCJELA6854,43,2023-04-19,Aktywny,1
MCPIWI4136,39,2025-06-12,Aktywny,1
MCGUWO5365,56,2023-11-22,Aktywny,1
MCANDA1409,48,2022-12-15,Aktywny,1
MCIWKO7155,48,2023-01-09,Aktywny,1
MCKAJA4327,42,2024-05-23,Aktywny,1
MCTACH7340,56,2023-11-07,Aktywny,1
MCJUKO4622,40,2025-02-19,Aktywny,0
MCCYKA4128,47,2022-10-28,Aktywny,1
MCMIFE5496,42,2024-05-24,Aktywny,1
MCKAJA4327,54,2024-04-11,Aktywny,1
MCMAGU6198,44,2024-02-05,Aktywny,1
MCKAKR7203,42,2024-06-03,Aktywny,1
MCKAJA9609,47,2022-10-08,Aktywny,1
MCGUWO5365,53,2022-04-10,Aktywny,1
MCKAJA4327,36,2022-10-04,Aktywny,1
MCLIMI3021,36,2022-09-25,Aktywny,1
MCJOPO9842,35,2024-07-15,Anulowany,0
MCGUWO5365,31,2024-06-02,Aktywny,1
MCANFR8207,33,2023-08-21,Aktywny,1
MCKAJA4327,31,2024-06-12,Aktywny,1
MCBAOS8378,40,2025-02-05,Aktywny,1
MCMIKR1468,59,2024-07-19,Aktywny,1
MCBILE1591,55,2022-06-17,Anulowany,0
MCMIFE5496,56,2023-11-03,Aktywny,1
MCANHY8654,37,2023-09-27,Aktywny,1
MCSTNI1298,53,2022-03-30,Aktywny,1
MCMIFE5496,59,2024-07-10,Aktywny,1
MCBILE1591,56,2023-11-16,Aktywny,1
MCAGML5200,53,2022-04-17,Aktywny,1
MCMAGA1396,43,2023-04-30,Aktywny,1
MCTACH7340,33,2023-08-17,Aktywny,1
MCAGML5200,59,2024-07-07,Aktywny,1
MCBILE1591,43,2023-05-07,Aktywny,1
MCJUKO4622,57,2024-02-29,Aktywny,1
MCBILE1591,44,2024-02-18,Aktywny,1
MCANDA1409,40,2025-02-20,Aktywny,1
MCJUKO4622,31,2024-06-10,Aktywny,1
MCAGML5200,54,2024-04-09,Aktywny,1
MCBAOS8378,47,2022-10-21,Aktywny,1
MCGAKY5838,42,2024-05-12,Anulowany,0
MCMAGA1396,42,2024-05-24,Aktywny,1
MCKAJA9609,59,2024-07-02,Aktywny,1
MCTACH7340,41,2025-05-28,Aktywny,1
MCCYKA4128,59,2024-06-26,Aktywny,1
MCARGO2827,56,2023-11-10,Aktywny,1
MCMALA5804,59,2024-07-21,Anulowany,0
MCMAGA1396,57,2024-03-05,Aktywny,1
MCMIKO1005,33,2023-08-08,Aktywny,1
MCMIFE5496,38,2022-06-01,Aktywny,1
MCJELA6854,55,2022-05-28,Aktywny,1
MCSTNI1298,55,2022-06-18,Aktywny,1
MCGUWO5365,50,2022-05-11,Aktywny,1
MCANFR8207,50,2022-05-21,Aktywny,1
MCJELA6854,41,2025-06-03,Aktywny,1
MCSTNI1298,36,2022-10-12,Aktywny,0
MCEWOL4442,42,2024-05-06,Aktywny,1
MCTOKO4320,53,2022-04-05,Aktywny,1
MCBIBU9931,32,2025-08-24,Aktywny,1
MCKOKO3012,35,2024-07-19,Aktywny,1
MCDOSZ2929,38,2022-05-23,Aktywny,1
MCMAKI1955,36,2022-09-18,Aktywny,1
MCEWOL4442,57,2024-02-20,Aktywny,1
MCARGO2827,43,2023-04-27,Aktywny,1
MCKOKO3012,52,2022-02-09,Aktywny,1
MCINBA9251,54,2024-03-27,Aktywny,1
MCANDA1409,37,2023-10-06,Aktywny,1
MCGUWO5365,34,2024-03-30,Aktywny,1
MCBAOS8378,45,2023-08-19,Aktywny,1
MCANDA1409,60,2024-03-24,Aktywny,1
MCGAKY5838,41,2025-06-07,Aktywny,1
MCTACH7340,44,2024-02-23,Aktywny,1
MCJELA6854,60,2024-03-20,Aktywny,1
MCJUKO4622,58,2022-02-16,Aktywny,1
MCMIKR1468,56,2023-11-16,Aktywny,1
MCEWDZ4503,57,2024-02-14,Aktywny,1
MCMALA5804,36,2022-10-12,Aktywny,1
MCOLMA9882,57,2024-02-20,Aktywny,1
MCALDU8256,37,2023-10-23,Aktywny,1
MCADJA5834,58,2022-01-28,Aktywny,1
MCANDA1409,33,2023-08-02,Aktywny,1
MCMAGA1396,48,2023-01-05,Aktywny,1
MCKOSU5349,32,2025-09-02,Aktywny,1
MCERST2004,32,2025-08-10,Aktywny,1
MCEWGA8602,32,2025-08-17,Aktywny,1
MCINDA9777,52,2022-01-24,Aktywny,1
MCEMGR8096,33,2023-08-31,Aktywny,1
MCJELA6854,31,2024-06-15,Aktywny,1
MCPIHE7442,47,2022-10-24,Aktywny,1
MCTACH7340,58,2022-02-26,Aktywny,1
MCTACH7340,46,2023-11-30,Aktywny,1
MCKAJA9609,39,2025-05-28,Aktywny,1
MCINDA9777,46,2023-12-13,Aktywny,1
MCGUWO5365,47,2022-11-05,Aktywny,1
MCMAGA1396,46,2023-12-06,Aktywny,1
MCADRD2461,40,2025-02-04,Aktywny,0
MCKOSU5349,59,2024-07-13,Aktywny,1
MCPIWI4136,33,2023-08-22,Aktywny,1
MCKAKR7203,60,2024-03-25,Aktywny,1
MCKAJA4327,39,2025-06-02,Aktywny,0
MCMAGA1396,60,2024-04-06,Aktywny,1
MCKAKR7203,59,2024-07-03,Aktywny,1
MCERST2004,48,2022-12-22,Aktywny,1
MCBIBU9931,52,2022-02-05,Aktywny,1
MCJAMA6277,55,2022-06-18,Aktywny,0
MCKOKO3012,60,2024-04-07,Aktywny,1
MCJELA6854,59,2024-06-28,Aktywny,1
MCELCH6635,42,2024-05-18,Aktywny,1
MCARKA3268,34,2024-03-25,Aktywny,1
MCAGML5200,57,2024-03-04,Anulowany,0
MCMIKR1468,44,2024-02-09,Aktywny,1
MCMAGI3926,33,2023-08-27,Aktywny,0
MCEWGA8602,55,2022-06-17,Aktywny,0
MCMAGA1396,44,2024-02-25,Aktywny,1
MCARGO2827,45,2023-08-15,Aktywny,0
MCERST2004,60,2024-03-10,Aktywny,1
MCSTNI1298,50,2022-05-08,Aktywny,1
MCARGO2827,49,2022-07-21,Aktywny,1
MCOLMA9882,53,2022-04-04,Aktywny,1
MCAGML5200,33,2023-08-24,Aktywny,1
MCKOSU5349,43,2023-04-17,Aktywny,1
MCPIWI4136,37,2023-10-04,Aktywny,1
MCBIBU9931,55,2022-06-09,Aktywny,1
MCMAKI1955,57,2024-02-19,Aktywny,0
MCMAGI3926,56,2023-10-31,Aktywny,1
MCELLI7149,33,2023-08-08,Aktywny,1
MCIDBA3843,48,2022-12-16,Aktywny,1
MCLIMI3021,53,2022-04-17,Aktywny,1
MCGUWO5365,38,2022-06-02,Aktywny,1
MCMALA5804,38,2022-05-19,Aktywny,1
MCALDU8256,39,2025-06-09,Aktywny,1
MCNEFO7895,51,2023-04-27,Aktywny,1
MCRYPI3379,46,2023-12-04,Aktywny,1
MCIDBA3843,60,2024-03-14,Aktywny,1
MCBIBU9931,40,2025-02-10,Aktywny,1
MCKAJA4327,57,2024-02-16,Aktywny,1
MCMIKR1468,55,2022-06-21,Aktywny,1
MCMAKI1955,42,2024-05-19,Aktywny,1
MCWIWI7771,53,2022-04-01,Aktywny,1
MCTOKO4320,46,2023-12-09,Aktywny,1
MCIDBA3843,55,2022-06-03,Aktywny,1
MCINDA9777,33,2023-08-31,Aktywny,1
MCEWDZ4503,54,2024-03-23,Aktywny,1
MCJOPO9842,50,2022-05-19,Aktywny,1
MCANWE2917,37,2023-10-08,Aktywny,1
MCKAJA4327,48,2023-01-04,Aktywny,1
MCANHY8654,58,2022-02-01,Aktywny,1
MCKAJA9609,37,2023-09-29,Aktywny,1
MCELLI7149,51,2023-05-12,Aktywny,1
MCANWE2917,57,2024-03-04,Aktywny,1
MCMALA5804,34,2024-04-03,Aktywny,1
MCJELA6854,54,2024-04-19,Aktywny,1
MCKOKO3012,36,2022-09-18,Aktywny,1
MCMAKO3194,56,2023-11-25,Aktywny,1
MCCYKA4128,44,2024-02-26,Aktywny,1
MCBIBU9931,57,2024-02-18,Aktywny,1
MCADRD2461,35,2024-06-29,Aktywny,1
MCMIKR1468,54,2024-03-23,Aktywny,1
MCMAGA1396,34,2024-04-11,Aktywny,1
MCERST2004,31,2024-06-03,Aktywny,1
MCTACH7340,43,2023-04-29,Aktywny,1
MCBIBU9931,54,2024-04-11,Aktywny,1
MCMAKI1955,45,2023-08-26,Aktywny,1
MCMAGA1396,50,2022-05-25,Aktywny,1
MCJUKO4622,38,2022-05-13,Aktywny,1
MCJELA6854,42,2024-05-12,Aktywny,1
MCANHY8654,45,2023-08-19,Aktywny,1
MCEMGR8096,43,2023-04-21,Aktywny,1
MCNAHA2984,52,2022-02-05,Aktywny,1
MCPIWI4136,54,2024-03-25,Aktywny,1
MCBILE1591,49,2022-07-18,Aktywny,1
MCADJA5834,50,2022-05-07,Aktywny,1
MCKAKR7203,46,2023-12-13,Aktywny,1
MCANHY8654,41,2025-05-18,Aktywny,1
MCWIWI7771,34,2024-03-28,Aktywny,1
MCEMGR8096,47,2022-10-20,Aktywny,1
MCJUKO4622,37,2023-09-30,Aktywny,1
MCMIFE5496,49,2022-07-11,Aktywny,1
MCJUKO4622,52,2022-01-20,Aktywny,1
MCLIMI3021,32,2025-08-13,Aktywny,1
MCCYKA4128,35,2024-07-16,Aktywny,1
MCMIFE5496,46,2023-11-28,Aktywny,1
MCELLI7149,31,2024-06-16,Aktywny,1
MCJAMA6277,54,2024-03-28,Aktywny,1
MCKAKR7203,45,2023-08-16,Aktywny,1
MCANFR8207,59,2024-07-10,Aktywny,0
MCJELA6854,34,2024-04-01,Aktywny,1
MCEMGR8096,57,2024-02-24,Aktywny,1
MCINDA9777,35,2024-07-22,Aktywny,1
MCKAKR7203,40,2025-02-19,Aktywny,1
MCKAJA9609,58,2022-02-15,Aktywny,1
MCNEFO7895,42,2024-05-07,Aktywny,1
MCCYKA4128,51,2023-05-10,Aktywny,1
MCGAKY5838,34,2024-03-29,Aktywny,1
MCLIMI3021,34,2024-04-04,Aktywny,1
MCSTNI1298,31,2024-06-10,Aktywny,1
MCANWE2917,56,2023-11-16,Aktywny,1
MCELLI7149,48,2022-12-28,Aktywny,1
MCERST2004,58,2022-02-25,Aktywny,1
MCTACH7340,59,2024-06-25,Aktywny,0
MCAGML5200,49,2022-07-19,Anulowany,0
MCERST2004,47,2022-10-17,Aktywny,1
MCDOSZ2929,48,2023-01-06,Aktywny,1
MCADRD2461,41,2025-06-05,Aktywny,1
MCARKA3268,49,2022-07-26,Aktywny,0
MCEWOL4442,33,2023-08-19,Aktywny,1
MCBILE1591,58,2022-02-07,Aktywny,1
MCMAGU6198,36,2022-09-16,Aktywny,1
MCIDBA3843,39,2025-05-27,Aktywny,1
MCDOSZ2929,56,2023-11-15,Aktywny,1
MCMALA5804,46,2023-12-15,Aktywny,1
MCDOSZ2929,60,2024-03-16,Aktywny,1
MCRYPI3379,42,2024-05-15,Aktywny,1
MCMALA5804,54,2024-03-31,Aktywny,1
MCJAMA6277,44,2024-01-31,Aktywny,1
MCALDU8256,52,2022-02-03,Aktywny,1
MCMAGI3926,50,2022-05-04,Aktywny,1
MCKAKR7203,54,2024-04-16,Aktywny,1
MCIDBA3843,36,2022-09-25,Aktywny,0
MCARKA3268,56,2023-11-01,Aktywny,1
MCCYKA4128,43,2023-04-15,Aktywny,1
MCARKA3268,46,2023-12-15,Aktywny,1
MCINDA9777,49,2022-07-08,Aktywny,1
MCARGO2827,34,2024-03-25,Aktywny,1
MCARKA3268,51,2023-05-02,Aktywny,1
MCPIHE7442,34,2024-03-18,Aktywny,1
MCOLMA9882,43,2023-04-17,Aktywny,1
MCMAKO3194,36,2022-10-09,Aktywny,1
MCWIFR7199,36,2022-10-06,Aktywny,1
MCPIWI4136,57,2024-03-05,Aktywny,1
MCJAMA6277,43,2023-05-05,Aktywny,1
MCEMGR8096,58,2022-02-04,Aktywny,0
MCANDA1409,55,2022-05-30,Aktywny,1
MCIDBA3843,34,2024-04-07,Aktywny,1
MCMASE7757,32,2025-08-18,Aktywny,1
MCMIFE5496,57,2024-02-27,Aktywny,1
MCADJA5834,45,2023-08-26,Aktywny,1
MCRYPI3379,31,2024-06-18,Aktywny,1
MCIDBA3843,51,2023-05-18,Aktywny,1
MCNEFO7895,44,2024-02-14,Aktywny,1
MCEWGA8602,58,2022-01-31,Aktywny,1
MCADRD2461,45,2023-09-12,Aktywny,1
MCMAKO3194,33,2023-08-08,Aktywny,1
MCANHY8654,40,2025-02-13,Aktywny,1
MCBIBU9931,43,2023-04-19,Aktywny,1
MCANWE2917,59,2024-07-20,Aktywny,1
MCMALA5804,51,2023-05-13,Aktywny,1
MCLIMI3021,42,2024-05-12,Aktywny,1
MCELCH6635,43,2023-04-22,Aktywny,1
MCBILE1591,51,2023-05-12,Aktywny,1
MCADJA5834,52,2022-01-16,Aktywny,1
MCMAKI1955,32,2025-09-05,Aktywny,1
MCWIFR7199,57,2024-03-03,Aktywny,1
MCIDBA3843,35,2024-07-19,Aktywny,1
MCADRD2461,39,2025-05-22,Aktywny,1
MCKOSU5349,44,2024-02-23,Aktywny,1
MCANWE2917,31,2024-06-24,Aktywny,1
MCAGML5200,48,2022-12-22,Aktywny,1
MCGAKY5838,35,2024-07-21,Aktywny,1
MCAGML5200,35,2024-07-23,Anulowany,0
MCNEFO7895,59,2024-07-11,Aktywny,1
MCBAOS8378,52,2022-02-06,Aktywny,1
MCMAKI1955,47,2022-10-11,Aktywny,1
MCEWDZ4503,60,2024-03-23,Anulowany,0
MCMAGU6198,40,2025-02-17,Aktywny,1
MCGAKY5838,58,2022-02-07,Aktywny,1
MCRYPI3379,36,2022-09-22,Aktywny,1
MCANHY8654,59,2024-07-16,Aktywny,1
MCNAHA2984,46,2023-12-12,Aktywny,1
MCTOKO4320,54,2024-04-01,Aktywny,1
MCPIHE7442,39,2025-05-19,Aktywny,1
MCELLI7149,46,2023-12-01,Aktywny,1
MCINDA9777,40,2025-02-18,Aktywny,1
MCKOSU5349,34,2024-04-06,Aktywny,1
MCGUWO5365,39,2025-06-03,Aktywny,1
MCIWKO7155,57,2024-03-11,Aktywny,1
MCKOKO3012,59,2024-07-04,Aktywny,1
MCMAKO3194,52,2022-02-09,Aktywny,1
MCINDA9777,39,2025-05-21,Aktywny,1
MCAGML5200,45,2023-09-06,Aktywny,1
MCWIFR7199,53,2022-04-21,Aktywny,1
MCMAGI3926,59,2024-07-15,Aktywny,1
MCOLMA9882,39,2025-05-16,Aktywny,1
MCCYKA4128,52,2022-01-27,Aktywny,1
MCADJA5834,51,2023-05-06,Aktywny,1
MCMIKR1468,45,2023-09-03,Aktywny,1
MCEMGR8096,46,2023-12-01,Aktywny,1
MCJELA6854,36,2022-09-24,Aktywny,1
MCKAJA4327,58,2022-02-24,Aktywny,1
MCJELA6854,57,2024-03-08,Aktywny,1
MCTOKO4320,60,2024-04-03,Aktywny,1
MCELCH6635,48,2023-01-05,Aktywny,1
MCBAOS8378,48,2022-12-22,Aktywny,1
MCBIBU9931,31,2024-06-02,Aktywny,1
MCNAHA2984,49,2022-07-06,Aktywny,1
MCKAJA9609,31,2024-06-15,Aktywny,1
MCJOPO9842,41,2025-06-09,Aktywny,1
MCPIWI4136,44,2024-02-22,Aktywny,1
MCOLMA9882,51,2023-04-28,Aktywny,1
MCBIBU9931,51,2023-05-18,Aktywny,1
MCGUWO5365,35,2024-06-30,Aktywny,1
MCEWOL4442,60,2024-03-16,Aktywny,1
MCTOKO4320,40,2025-02-17,Aktywny,1
MCKOKO3012,46,2023-12-21,Aktywny,1
MCPIHE7442,33,2023-08-16,Aktywny,1
MCINDA9777,38,2022-05-21,Aktywny,1
MCDOSZ2929,50,2022-05-10,Aktywny,1
MCBAOS8378,32,2025-08-10,Aktywny,1
MCWIWI7771,45,2023-08-31,Aktywny,1
MCKAJA4327,47,2022-10-24,Aktywny,0
MCOLMA9882,47,2022-10-27,Aktywny,1
MCARKA3268,42,2024-05-16,Aktywny,1
MCWIWI7771,36,2022-09-24,Aktywny,1
MCGUWO5365,48,2023-01-11,Aktywny,1
MCMALA5804,44,2024-02-25,Aktywny,1
MCJELA6854,38,2022-05-14,Aktywny,1
MCINDA9777,42,2024-05-05,Aktywny,1
MCBILE1591,40,2025-02-03,Aktywny,0
MCGUWO5365,44,2024-02-19,Aktywny,1
MCARKA3268,53,2022-04-23,Aktywny,1
MCMAGA1396,40,2025-03-01,Aktywny,0
MCTOKO4320,31,2024-06-03,Aktywny,1
MCCYKA4128,32,2025-08-11,Aktywny,1
MCMIFE5496,35,2024-07-23,Aktywny,1
MCADJA5834,46,2023-11-26,Aktywny,1
